<?xml version="1.0" encoding="utf-8"?>
<ignoredWords>
	<word name="or" pos=""/>
	<word name="on" pos=""/>
	<word name="he" pos=""/>
	<word name="she" pos=""/>
	<word name="it" pos=""/>
	<word name="we" pos=""/>
	<word name="they" pos=""/>
	<word name="him" pos=""/>
	<word name="her" pos=""/>
	<word name="in" pos=""/>
	<word name="at" pos=""/>
	<word name="of" pos=""/>
	<word name="be" pos=""/>
	<word name="the" pos=""/>
	<word name="and" pos=""/>
	<word name="have" pos=""/>
	<word name="a" pos=""/>
	<word name="s" pos=""/>
	<word name="as" pos=""/>
	<word name="do" pos=""/>
	<word name="this" pos=""/>
	<word name="to" pos=""/>
	<word name="what" pos=""/>
	<word name="that" pos=""/>
	<word name="would" pos=""/>
	<word name="are" pos=""/>
	<word name="(" pos="("/>
	<word name=")" pos=")"/>
	<word name="." pos="."/>
	<word name="," pos=","/>
	<word name=":" pos=":"/>
	<word name="!" pos="!"/>
	<word name="?" pos="?"/>
	<word name=";" pos=";"/>
	<word name="-" pos="-"/>
	<word name="..." pos="..."/>
	<word name="'" pos="'"/>
	<word name="&quot;" pos="&quot;"/>
	<word name="*" pos="*"/>
</ignoredWords>
