<?xml version="1.0" encoding="utf-8"?>
<ignoredWords>
	<word name="il" pos="DE"/>
	<word name="del" pos="PR"/>
	<word name="di" pos="PR"/>
	<word name="essere" pos="VE"/>
	<word name="e" pos="CO"/>
	<word name="al" pos="PR"/>
	<word name="in" pos="PR"/>
	<word name="nel" pos="PR"/>
	<word name="che" pos="PR"/>
	<word name="per" pos="PR"/>
	<word name="a" pos="PR"/>
	<word name="dal" pos="PR"/>
	<word name="avere" pos="VE"/>
	<word name="un" pos="DE"/>
	<word name="sul" pos="PR"/>
	<word name="non" pos="AD"/>
	<word name="una" pos="DE"/>
	<word name="si" pos="PR"/>
	<word name="con" pos="PR"/>
	<word name="tale" pos="PR"/>
	<word name="da" pos="PR"/>
	<word name="questo" pos="PR"/>
	<word name="n." pos="AB"/>
	<word name="quale" pos="PR"/>
	<word name="cui" pos="PR"/>
	<word name="ad" pos="PR"/>
	<word name="," pos="PO"/>
	<word name="." pos="SE"/>
	<word name=")" pos="PO"/>
	<word name="(" pos="PO"/>
	<word name=":" pos="PO"/>
	<word name="?" pos="SE"/>
	<word name="-" pos="PO"/>
	<word name="&quot;" pos="PO"/>
	<word name=";" pos="PO"/>
</ignoredWords>
