<?xml version="1.0" encoding="utf-8"?>
<ignoredWords>
	<word name="el" pos="AR"/>
	<word name="de" pos="PR"/>
	<word name="en" pos="PR"/>
	<word name="y" pos="CC"/>
	<word name="que" pos="CQ"/>
	<word name="a" pos="PR"/>
	<word name="del" pos="PD"/>
	<word name="un" pos="AR"/>
	<word name="se" pos="SE"/>
	<word name="por" pos="PR"/>
	<word name="haber" pos="VH"/>
	<word name="suyo" pos="PP"/>
	<word name="ser" pos="VS"/>
	<word name="este" pos="DM"/>
	<word name="con" pos="PR"/>
	<word name="para" pos="PR"/>
	<word name="al" pos="PA"/>
	<word name="sobre" pos="PR"/>
	<word name="para" pos="CS"/>
	<word name="estar" pos="VE"/>
	<word name="de" pos="CS"/>
	<word name="como" pos="CS"/>
	<word name="dicho" pos="QU"/>
	<word name="él" pos="PP"/>
	<word name="%" pos="PE"/>
	<word name="entre" pos="PR"/>
	<word name="otro" pos="QU"/>
	<word name="o" pos="CC"/>
	<word name="," pos="CM"/>
	<word name="." pos="FS"/>
	<word name=")" pos="RP"/>
	<word name="(" pos="LP"/>
	<word name="?" pos="FS"/>
	<word name="¿" pos="PU"/>
	<word name=":" pos="CO"/>
	<word name="-" pos="DA"/>
	<word name=";" pos="SE"/>
	<word name="&quot;" pos="&quot;"/>
</ignoredWords>
