<?xml version="1.0" encoding="utf-8"?>
<ignoredWords>
	<word name="the" pos="DT"/>
	<word name="of" pos="IN"/>
	<word name="to" pos="TO"/>
	<word name="be" pos="VB"/>
	<word name="in" pos="IN"/>
	<word name="and" pos="CC"/>
	<word name="on" pos="IN"/>
	<word name="a" pos="DT"/>
	<word name="for" pos="IN"/>
	<word name="by" pos="IN"/>
	<word name="have" pos="VH"/>
	<word name="that" pos="IN"/>
	<word name="with" pos="IN"/>
	<word name="this" pos="DT"/>
	<word name="which" pos="WD"/>
	<word name="it" pos="PP"/>
	<word name="will" pos="MD"/>
	<word name="from" pos="IN"/>
	<word name="not" pos="RB"/>
	<word name="its" pos="PP"/>
	<word name="at" pos="IN"/>
	<word name="as" pos="IN"/>
	<word name="an" pos="DT"/>
	<word name="do" pos="VV"/>
	<word name="'s" pos="PO"/>
	<word name="or" pos="CC"/>
	<word name="their" pos="PP"/>
	<word name="these" pos="DT"/>
	<word name="," pos=","/>
	<word name="." pos="SE"/>
	<word name=")" pos=")"/>
	<word name="(" pos="("/>
	<word name="?" pos="SE"/>
	<word name=":" pos=":"/>
	<word name="-" pos=":"/>
	<word name="`" pos="``"/>
	<word name="'" pos="PO"/>
	<word name=";" pos=":"/>
	<word name="'" pos="''"/>
</ignoredWords>
