<?xml version="1.0" encoding="utf-8"?>
<ignoredWords>
	<word name="d" pos="AR"/>
	<word name="und" pos="KO"/>
	<word name="in" pos="AP"/>
	<word name="von" pos="AP"/>
	<word name="werden" pos="VA"/>
	<word name="ein" pos="AR"/>
	<word name="sein" pos="VA"/>
	<word name="für" pos="AP"/>
	<word name="im" pos="AP"/>
	<word name="dies" pos="PD"/>
	<word name="d" pos="PR"/>
	<word name="auf" pos="AP"/>
	<word name="haben" pos="VA"/>
	<word name="zu" pos="PT"/>
	<word name="daß" pos="KO"/>
	<word name="mit" pos="AP"/>
	<word name="über" pos="AP"/>
	<word name="1992" pos="CA"/>
	<word name="zur" pos="AP"/>
	<word name="ihr" pos="PP"/>
	<word name="nicht" pos="PT"/>
	<word name="vom" pos="AP"/>
	<word name="er" pos="PR"/>
	<word name="sie" pos="PP"/>
	<word name="es" pos="PP"/>
	<word name="zu" pos="AP"/>
	<word name="bei" pos="AP"/>
	<word name="an" pos="AP"/>
	<word name="," pos="$,"/>
	<word name="." pos="$."/>
	<word name=")" pos="$("/>
	<word name="(" pos="$("/>
	<word name="?" pos="$."/>
	<word name=":" pos="$."/>
	<word name="-" pos="$("/>
	<word name=";" pos="$."/>
</ignoredWords>
