<?xml version="1.0" encoding="utf-8"?>
<ignoredWords>
	<word name="le" pos="DE"/>
	<word name="de" pos="PR"/>
	<word name="du" pos="PR"/>
	<word name="et" pos="KO"/>
	<word name="à" pos="PR"/>
	<word name="être" pos="VE"/>
	<word name="en" pos="PR"/>
	<word name="au" pos="PR"/>
	<word name="un" pos="DE"/>
	<word name="avoir" pos="VE"/>
	<word name="ce" pos="PR"/>
	<word name="par" pos="PR"/>
	<word name="dans" pos="PR"/>
	<word name="que" pos="KO"/>
	<word name="pour" pos="PR"/>
	<word name="sur" pos="PR"/>
	<word name="qui" pos="PR"/>
	<word name="il" pos="PR"/>
	<word name="elle" pos="PR"/>
	<word name="ne" pos="AD"/>
	<word name="se" pos="PR"/>
	<word name="son" pos="DE"/>
	<word name="pas" pos="AD"/>
	<word name="que" pos="PR"/>
	<word name="faire" pos="VE"/>
	<word name="avec" pos="PR"/>
	<word name="plus" pos="AD"/>
	<word name="," pos="PU"/>
	<word name="." pos="SE"/>
	<word name=")" pos="PU"/>
	<word name="(" pos="PU"/>
	<word name="?" pos="SE"/>
	<word name=":" pos="PU"/>
	<word name="-" pos="PU"/>
	<word name=";" pos="PU"/>
</ignoredWords>
